moorenadimee,1
human__dolls,1
iv0_1,3
lipocambo,1
turn_around_now,2
melisa_melisaa,1
trashphotos,1
bior27,1
avivate2,1
layraaffonso,1
20003000,17
josemarayoba,1
ruthgonzalez95,1
suhermana,2
mundoelfin,6
solomondaughters,1
aliadosone,1
ammanettatemi,1
larissaacoelho,1
katthporcelain,1
mi_padre79,3
exposed_2b,2
maurolympikus,1
dulcisi_imo,3
icaropaes,1
machine_timess,2
vintage__glamour,1
animal__natur,41
maraforever,1
honbre_deoro,14
eldiasoleado,1
nanonza,1
tantoynada,1
wax_doll_10,1
likeadaydream,1
mantraesteril,1
bruma__,2
liiliaraujo,1
mar_deti_9,3
chamanaconcha,1
_fassbender,1
luffyame,1
topdog,1
blondeonfire,2
junichimitsui,6
mar_deti,5
amorbeodo,1
hemant_bisht,1
caahsilva10,1
dulcisiimo,1
mares__del_mundo,5
cromosdelmundo,1
savate_pigeon,1
raymondeagen,1
werri56,1
theericka,1
blackbirdz,2
dieguiis_f,2
beastybest,1
hunockdna1,1
nejsem_jediny,2
amanda_andreonni,1
toxics1,1
amandiinhadamaso,1
cute__girsland,1
tr3svecesana,3
world_graffiti,47
gonzaloherr,1
r4kcrew,1
joseantoniotejed,1
sense_tuu,1
xdeidara_kunx,1
barbiepolice,1
giuliana_berenis,2
mortepunisher,1
detetivecibele,1
lazarus_rising,1
confident_n_sex2,2
las_rayas_wear,1
electronica_2001,1
_1_2_3_,1
soydelxene,1
hadas_y_poesia,40
joaki007,1
rebelion_natural,22
xtremeruls,1
lll_sevi_lll,1
fan_servicegroup,23
ricardorodrigue2,1
prayforthebeer,1
marausa,1
piipamc,1
lord___gothic,38
tioesseacca,1
renildeoliveirao,1
david_wesker,2
mad_max_2050,1
katyperry_grupo,21
rosas_enel_mar,1
yyyanyyy,3
thiagomessi,1
123456123012,2
enanitat,1
vestidos_ponible,2
fantasstikka,1
maiarathaiis,1
adios_fotolog1,2
karollima6,1
peke_cat54,1
aninha37santos,1
bubbles_fairy,1
mohamed_bajamela,1
parquesnat,1
fotofana,1
enriquecastro,1
_suunny_,1
nataliepimenta,1
marylin_lagata_,45
zelinhares,13
ticinowriting2,43
warszawa1,1
fed_up_2,1
jaimito_hdz,1
kakuzu_wninja,1
codysimpsonx,1
angelitossss,4
slimchaw,1
chispasquelindas,1
body_paints,1
lagran_bruja,1
petalosdesangre,2
flowers_photo,18
simuladora1,2
turbos1,1
danish_black,1
nestorcore,1
pietrasampao,1
personajeskonoha,1
tele__ritmo,1
danielantoniovaz,1
selfwatches,1
colorbarf,1
ssaaaaaaaa,1
joaki_2007,1
mandagaz,1
supermodels_,1
photograph_art,42
qequeres_stalker,1
murrieta_23,1
latuliidiablita,1
maravillas10,2
rosetta_12,1
yoselyn_andrade,1
desiree_dinorawr,1
mirhan,1
nuevabetty,10
taciihphotos,2
gignyclondon,1
trianadearte,2
lindas_amiguis,1
morochia2008,1
el_antivirus2012,1
dusky_wonders,1
murcizuiiziide,1
sky_uchiha,1
crisoldecultura,1
katysasulove,1
my_punkaches,1
amenofis360,1
artofadornment,1
modare_vintage,41
feik,1
que_pasa_ahora_1,1
nature_salvaje,13
chica_bionica10,1
ansaso,1
majeriba,1
amoxenyte,4
sbarboys,1
culitos_calenti,1
atena_uzumaki_22,1
vanessaribeiro69,1
torrente_de_amor,1
manuelperezfito,1
lalahigurashi,1
elhechicero,1
tusombra_fiel,1
dudsssn,1
boy_oh_boi,2
petor76,1
losenfermosss,1
the_amadeus_44,4
asuka_otakuworld,2
las_1001_bettys,5
trebolitos,6
fouxstudio,1
ejsousa,2
miabuelita_sefue,1
m0dar3tro,1
beachstyle_2012,2
passartempo,1
rodnellyssarthi,2
guerrerito_16,2
naikasendin,1
isaloves2,1
helenachegou,1
alwaysmara,1
misteriodivino,5
hacelaa_corta,1
commenzandoo,1
almost_naked2,2
anime_bikini,8
charco_de_gotas2,1
madbomb,1
jermana_jermana,4
midulceamor1,2
black_er,1
animetronics,1
top_model_r,2
selmas2,1
ailudidadamari,1
angelaschafer,1
ropa_ponible,1
sirlany,1
t3ndencias,5
isumikmorrinson,1
mafi_guerrera_,1
miiiiliiiaagroos,1
blanco_negro_,1
super_neymar_jr,1
fuckingbangerz,4
julyanabarreto,1
sonicwins7,1
adryguisca_1976,5
leroidesanimaux,44
chatasusy,1
soy____cricri,3
corona_de_cristo,1
spotk96_rap,1
myfashionsite,1
circulo_amor,1
koshibanofotolog,2
jeniffersarah,1
p3rsephone,3
mayaraluna,1
mihcabral_,1
smocrew4,1
v4ult,1
soy_tu_historia,1
nostalgiadelsur,1
daniel_brisalbo,3
cazafantasias,1
aguadelacanilla,16
cacho_de_boedo,3
lily_beauty,1
alma_te_ama,1
belikoskeisers,1
sweetest_ray,1
9thlife,2
soficopipaste,1
hada___morgana,1
esfeck,1
jkatherynne,1
sofiaesbella2,12
shogonzalitus,1
zonanarutera,45
chamantoxico,2
dayannaalvees,1
mariaestela1,1
javiercuriel,1
wodsondeoliveira,1
karlitha_chan,1
diego,1
belen,1
peace_in,1
losburrosvuelan,1
trebollitos,1
sinner_fmck_mx,1
ang3l_d_amor,1
soychancho_jejej,1
hango23,1
renataw1000,1
mar_deti1,1
gaoo___clan,2
mesuuenasdelfl0g,1
mexico_beutiful,14
foto7og,1
karllanaynna,1
gizelle_oliver,16
diego_dela_vega,1
koteespe,1
mileyjustinx4eve,1
fotolog,2
kidspartyrental,1
juana16,1
plantas_y_jardin,2
foto60log,10
lorena_restart,1
la_ovejaperdida,1
gaoo__sakura,1
soffiaesbella2,1
mis_trebolitos,3
karol134,1
elcuernodealy,1
arilzapereira,1
krasnopolsky,1
davidcito_13_seb,1
nedermeet,11
loveselegfanx,1
zaywilder,1
polianamelo8,1
nataliayasmin,1
69_o0,1
brunaa000,1
resitencia23,1
amanda77,1
rollaabandella,1
boobgfqm,1
volvio_noesvip,1
yolepink,1
mathy_snail,1
bawer22,1
la_anomia,1
disneygraphic,1
circulode_muerte,20
0onda_flogger,1
arte_101,2
velo_deseda,2
kherido,1
manuellasdc,1
linee_blue,1
samw,1
el_rey_lomas,1
somerhalderpage,1
titus,1
spawdmg,1
conjuro_deamor,1
tenes_hambre1000,1
pequeni0_demoni0,2
rhuanderson,1
janebonjovi,2
niikiitaa12,1
hello_emo_21,2
sofiiaesbella4,2
bre604,1
enigma6,1
nadiareis2000,1
mitad_demi_,1
angelesde_muerte,1
mis_girasoles,1
miiinimiss,1
gatitos_lindos,1
england_bloom,1
msk,1
furio63,1
sayf,1
sleepyboy,2
laschingoleras_9,1
mattiasfondrini2,1
vers0s_de_am0r,1
joseph_ruan,1
blaise_mp6,1
black4white,2
yuke_yukito,1
calazaes,1
versos_damor,5
tams211,1
lizziebizzi,1
natur_1,1
lmdm43,1
jimmybrisalbo_77,3
bendito_duende,1
alysusrecuerdos,13
fisk1,1
inocentemetee,1
sofiaesvella1,1
xxbrendlyxx,1
danni_bla,1
alyneyumii,1
lust_x_life,1
jhissel,1
lavinniasantos,1
palillopapillon,1
aliguillas,2
divergentsaga,1
lexflog,3
carlaparizaa,1
james_brennan,1
catalina_55,6
valee424,1
agustinaayelem,1
manocromo,1
_chamang,1
sexiest_guy,1
narcroomcrew,1
gatos_miaus,23
julieta_dani,1
gertrudsdottir,1
postal_del_sol,2
caioalbuquerque,1
ilpulitore,1
penelope_8,1
valledelamu3rte,1
jensenyjaredfans,1
x_neilxcore69_x,1
reina_9311,8
hot_n_hung,1
shanyfabbris,1
ruubealo0kaa,1
lolaalvarezz,1
musicakoreia,20
solosdelmundo,1
tefi_gutierrez,2
natur_natur_6777,11
x__rockawhile,1
angelinamusic,1
elguerreroedu,2
yhasminribeiro,1
thephanthom1,1
sofiadocampo,1
azevedo_cami,1
garyblau,1
shandira_alvarez,1
piel_de_toro,1
suicidio_azul,3
bikinis_s,14
alysus_caramelos,2
elrey_,21
emoxita42,1
joseitehua,1
nannynhaasoares,1
angelitos16,1
mariasole_ds,11
lucyinthe___sky,1
chikanegzb,1
modaretrofashion,11
estilo_y_moda,2
juanitabananass,2
truchilandias,1
kuricaraangel,1
lomasdulcess,4
inpregnacion,1
alphauno,1
osterieegrotti,1
treboles_mundo,1
natureza3,1
reina_gold,7
fotostyleyumi,1
ceereja_proibida,1
aroma_d_mujer,3
saint_tropez1000,20
muhvanity,1
crippled_inside,1
sof1ahermosa,2
tu_madre_1957,2
tas157,1
king_creole,15
morevirtualfun,1
byronevans14,1
aaronamyx,2
electronica_2000,1
deysesora,1
the_rumic_world,7
digitalface,1
iinocenteeeeeeee,1
momentsdulces,1
henrique_20,1
fragm3nt0s,1
fotolog_murio,1
1_2_3_,1
ian_sexiest_guy2,2
ilmaralmeidaa,1
daiih_fof,1
enfermitomental,1
albertodalmiron,1
s04_mi0,3
precioslavigne,1
michelmarc21000,1
doctor_brujo,1
divino00,1
obseqios_zofia,1
te_acuerdasde,1
punzadiiita,3
ponete_lentes,1
01arturo1,1
gestapo_sofia,2
carson1,1
zlidereck7,1
conchasd3lmundo,1
unknownmelodies,1
willywallas5,1
thegreatclod,1
valeclever,2
telee_ritmoo,1
circulo_dulce,1
oasis_fuerza,1
julie_bakugan,1
kissmeforrever,1
sofiaesbella_2,6
zolootuyio,3
djewels,1
sbekgraffilico,1
swimm_n_under,2
oasis_de_fuerza,1
circulo_de_amor,6
lucero_de_plata,1
iiibtufnny,1
vocesdltiempopr,3
fashion_krhl,1
jackvandalz,1
gargantilla_tato,18
emocin,1
charleston_house,1
fotografiacool,1
rey_fayuto,1
itotatoo,2
my_male_models,1
melodies_slates,2
glann,1
conchetumareweon,1
edelone,1
gourdon,1
fragmentos_xl,38
mandeville,2
discke_fmck,1
lomasdulces,1
morena_tjs,1
avantiultra,1
kuromet,1
ah_papito,1
sitges08,1
_jappy_,1
sgrono1,1
sangr3xsangr3,1
x_albedriio_x,3
diolatitante8,1
mundo_supernova,1
nature_photo,1
johsantiiago,1
cachito_de_cielo,11
tellmetellmelies,1
dulcisiimo1000,1
mayllesuen,1
peo1234,1
larissasantana2,1
ailu_s,1
cu3rrvita,3
nochesserena,1
mariasole__ds,2
schiatto,1
natekubo,1
dream_in_paper,35
jermanajermana,3
moda_a_tope,1
manuelnehmi,1
solida_lua,3
jgooncalves,1
fjhgjggknico,2
nome_digas_amor,1
vfc_crazy,1
ang3l_d3_amor,9
y_britney_spears,1
alexiajeniffer,1
blogda_maf,1
angie_oh_angie,1
excarlos,1
mimizinhadesales,1
anssaso,2
almitaverde,2
zoom17,1
passosjessika,1
ariimorel,1
me_dicen_coto,1
settimanaprox4,2
temalgoamais,1
thequeenbeyonce,1
rayodesol1,1
narizotona,2
sleppers,1
rosas_y_arte,45
avivateeeeee,2
gardens_,2
cacho_de__boedo,1
manuelprezfito,1
circulo_amoroso1,1
vestida_demar,1
misty_kasumiita,1
felih_betina,1
watona_candy,1
calcio2012,2
fast_as_you_can,1
solteronaesbella,1
adiction_lovee,1
poesiasyhadas,1
sinndr0me,1
cibelesaes,1
sweet_fashionss,1
helsam,1
mar_deti6,1
soy_elrey,3
juanitabananasss,10
duda_montinely,1
cangre_jitos,1
maria_1206,1
rhanna_thaise,1
1001guys,2
mas_poxa_babi,1
therihannagame,15
mis__gatitos,1
sofiaes_trecha,1
jumping_j_flash,1
payasithoadicto,1
hablemo_del_amor,6
ang3l_of_love,43
cis_cake,1
la_misma_playa,1
titanium_em,1
tu_negro_pasado,2
puertodetodos,1
mar_deti2moda60,1
beauty_conrad,1
obseequio_fotos,1
margitsfocus,1
mussashii,1
jorgemndezmafla,1
luftschloss,2
felipelira15,1
animedromans,1
neysuck9,1
ale_lindiz,1
_mujer_,41
kobracrew,1
rosalma,5
toledo12,1
doornelas,1
el_amorsemudo,9
alive1312,1
ailtinhodias,1
nice_facee,1
mar_deti4,1
twoareg,1
bibiana1498_,1
el_janito_69,3
alextuder,1
machine_timesss,5
foto5og,1
paiura,1
hymn_to_love,46
suemura,1
p_belinda,1
ricardobira,1
pandora_knight,4
seebiitaa123,1
alessandramf,1
wesley_dells17,3
nocontestess,1
felipegattis,1
mirellaesvemdon,1
birgit,1
ehcello,1
magia_guerrera,1
ternuritamia,1
photo_em_geral,3
my_lazuli_side,1
foto50g,1
bariii_2012,1
verso_d_amor,40
corazonde_cera,1
vipassosopra,1
scotty2000,8
alrico_melon,1
nochedesexxx,1
guachitoss,2
xneurobrooklyn,1
pcygo,1
corazonsalvaje1,1
fany_liinda,1
pedroynesejem,2
jessi271,1
elarca_de__noe,1
chamangg,2
onilink_beifong,1
vivadu,1
meneeeeeaparami,1
nadie_te__quiere,1
zimokvw,1
magdalena___1975,6
last_delpuntitox,2
mestcru,1
louisa_katia,1
niiiikiiiita,1
tele_ritmo0,1
fireball_xl5,1
zalbide,1
josh1one,1
lierberson,1
brunno008,1
sarinha37,1
bohemiacyj,1
el_amor_semudo,1
tatigleice,1
talita_iskra,1
milagrosj7,1
rosado_dorado,1
sergioricardo6,1
ladyelisse,1
saimsultan,1
vamos__recordar,2
perry,1
2da_topica,1
mimundo_esasi,19
turuquita007,1
panicopaura,1
edwardt,1
mrsun_anyway,1
modafashionretro,2
poemas_y_floress,21
happy_garden,1
sofiaesbella___2,1
onlydreaming_,1
special_abs,2
lany_avi,1
gilbertoofficial,1
sindemon,1
crayon_crak,1
soberb1aaaa,1
jacqueeirin,1
cofietoner_1,1
avengingangel,4
retrostyleses,25
ternuritania,1
tainabenatti,1
alejandrodoom,1
saltoalafamas,7
arbolesdel_mundo,1
geraldootaviodsl,1
rosalma1,5
natal1a_peatona,1
justinteamox,1
lapao_1808,1
gysahboechat,1
joserc5,1
photo__hobby,5
penacho__enflor,1
noche_et3rna,1
tu_loca_juventud,2
reddauug,6
welimadelicada,1
tuniingfotolog,1
el___puntiitox,3
nosubas_bosta,1
nath__costa,1
sientelarealidad,1
khrmenmrtz,1
dulcebom_bom,2
caperucita_yeye,1
illuminati_acpt,3
lilfluffyclouds,1
peon_08,1
soy_fitt0,1
fragmentooss,4
fumanchu_1000,1
anitamonar,1
maga_caramelos,1
leyenda_d_amor,2
kakuzu_zoone,1
terraanonima,1
weedyz,1
rosadorado,1
settimanaprox6,1
the_janito19,2
solitaire21,1
braziliiancats,1
elmaridodesofia,1
jetaintrusa,1
sasorivelez,1
almm3ndra,1
charlieescarlata,1
car_craft,1
trolosssssss1,1
fotologs_recife,48
nestor_a,1
detallesdesofia,4
sonia_italia,1
alysuscarameloss,2
babydarck,1
val_freya,1
danniialvees,1
roba_stabile,1
stranger_bodies,1
rosy_greval,1
blingbling_boom,1
swetss_10000,4
las_3_brujis,1
born_2b_bad,2
cute___22,1
paseosporriveras,1
mis_nereidas,1
ni_u,1
ticinobombers,1
emanuellasobral,2
felih_xd,20
cuan2llueve,8
x0_kuroi_0x,1
foto4log,1
btapita,1
emiamorten,1
piksquare,1
_omnipotente_,2
nace_el_rock,1
maikyveronica1,1
norberto_loco,2
tele_music,2
moda60,2
raysouza2013,1
pwolman,1
lulu_divorce,1
perros__y__gatos,32
huntershadowxx,1
dulcecaramelito_,1
geliebtermitihne,1
lauranatanthalas,1
wecker1,1
insaccati_clicca,1
hellgirlsolii,4
el__arlekin,2
trophy_boy,2
jandriellybarbos,1
aniiiiiiiiinhas,1
laislatoic,1
milagrosjacqueli,1
tomylapee,1
vamosharecordar,4
feernanaditibit,1
deza_danada10,1
soberana_mia,1
elkstar,1
settimanaprox,1
persoallistante,1
jhon2crazy,1
goldensilence900,1
simone_grrr,1
oasisdivino,2
naturezaselvagem,1
marc0sguima,1
elvis_hawaii,1
swetss_100000,34
trabajoenlatele,1
femme_boudoir,1
australian_heath,1
m1ssha,1
starlust,30
jacksparrow_53,1
ladulce_sue,1
meneer_hoeba,1
fotomiradas,1
villalta_musica,3
mares_de_gloria,21
romantica_sofia,1
bibimimi,1
mar_tir,1
kathu_morocha,1
rawwwrrhaircuts,49
ellenidama,1
oleme_elytasero,1
aly_ysu_caballo,7
lapauladehaedo,1
deeh_s,1
marde_nadie,2
runo_misakiita,2
solyalma,2
automotivado,1
eaenands,2
suukiin,1
nandomambo,1
settimanaprox5,3
boybox__2,1
cantaclaro1,2
zhimek,9
krenysito,1
baterz_rh2,1
mis_flautas,1
umclick10,1
almatadema,1
japanese_anime,1
musik_star_x,1
pure_soul_face,2
pimpinelajoaquin,1
circulo_musical,1
cardeapp,1
alicerocha2,1
torresfigueroa,1
henooneh,1
youth_ld,1
hunockmx_1,1
testimonios_dios,1
vamos_ala_cama,1
bolors,1
smiledtoyou,1
profebanderas,1
reh_stos,2
calzonsiniestro,1
miku_1992_,4
natallhy,1
sexys_guapos,39
cisneblanco_2009,3
kositalindaa,1
decra_sws,1
bewitchedfotolog,1
dulciciccicci,1
sailormoonlove24,1
gisela_932,1
xuxorojas,1
nataliacampelo,1
gatitaremojona_,1
carlitamaryeling,1
pussycats2000,2
hellmermaid,2
dulcisiimo2000,8
maines,1
galiamonsel,1
missa_bae_suzy,1
fanny_sex,1
emoxitaxs_girl,21
lanuevahola,17
grandesact1vador,1
susanacantidia,2
workfromhomenow,1
pauemo,2
ariel_iorlano,1
kiling777,1
luis_nunez825666,1
kiittyhell,1
vetrano_mdy,1
diinhojr1,1
naysodre,1
maga_karamelos,4
caralasefashion,1
quejate_del_flog,1
salamancadeoro,5
worldhollywood10,1
and_free,2
fegat1,1
enfermosssssss,1
lorenapunk,1
thanatomorphose,1
markitosdk,1
